timestamp_ms,ax,ay,az,label
0,0,80,16384,0
20,39,78,16406,0
40,74,73,16427,0
60,100,66,16445,0
80,116,55,16459,0
100,119,43,16469,0
120,109,28,16473,0
140,86,13,16472,0
160,54,-2,16465,0
180,16,-18,16454,0
200,-22,-33,16437,0
220,-60,-47,16418,0
240,-90,-58,16396,0
260,-111,-68,16375,0
280,-119,-75,16353,0
300,-115,-79,16333,0
320,3900,-1950,16384,1
340,-4489,2244,16815,1
360,4536,-2268,17141,1
380,-3998,1999,17281,1
400,3370,-1685,17202,1
420,-3228,1614,16922,1
440,3704,-1852,16511,1
460,-4359,2179,16069,1
480,4592,-2296,15703,1
500,-4188,2094,15505,1
520,3519,-1760,15521,1
540,-3200,1600,15750,1
560,3524,-1762,16133,1
580,-4194,2097,16577,1
600,4593,-2297,16975,1
620,-4355,2177,17228,1
640,0,80,16384,0
660,39,78,16406,0
680,74,73,16427,0
700,100,66,16445,0
720,116,55,16459,0
740,119,43,16469,0
760,109,28,16473,0
780,86,13,16472,0
800,54,-2,16465,0
820,16,-18,16454,0
840,-22,-33,16437,0
860,-60,-47,16418,0
880,-90,-58,16396,0
900,-111,-68,16375,0
920,-119,-75,16353,0
940,-115,-79,16333,0
960,4489,-2245,16384,1
980,-4536,2268,16815,1
1000,3998,-1999,17141,1
1020,-3370,1685,17281,1
1040,3228,-1614,17202,1
1060,-3704,1852,16922,1
1080,4359,-2180,16511,1
1100,-4592,2296,16069,1
1120,4188,-2094,15703,1
1140,-3519,1759,15505,1
1160,3200,-1600,15521,1
1180,-3524,1762,15750,1
1200,4194,-2097,16133,1
1220,-4593,2296,16577,1
1240,4355,-2178,16975,1
1260,-3698,1849,17228,1
1280,0,80,16384,0
1300,39,78,16406,0
1320,74,73,16427,0
1340,100,66,16445,0
1360,116,55,16459,0
1380,119,43,16469,0
1400,109,28,16473,0
1420,86,13,16472,0
1440,54,-2,16465,0
1460,16,-18,16454,0
1480,-22,-33,16437,0
1500,-60,-47,16418,0
1520,-90,-58,16396,0
1540,-111,-68,16375,0
1560,-119,-75,16353,0
1580,-115,-79,16333,0
1600,4536,-2268,16384,1
1620,-3998,1999,16815,1
1640,3370,-1685,17141,1
1660,-3228,1614,17281,1
1680,3704,-1852,17202,1
1700,-4359,2179,16922,1
1720,4592,-2296,16511,1
1740,-4188,2094,16069,1
1760,3519,-1760,15703,1
1780,-3200,1600,15505,1
1800,3524,-1762,15521,1
1820,-4194,2097,15750,1
1840,4593,-2297,16133,1
1860,-4355,2177,16577,1
1880,3698,-1849,16975,1
1900,-3227,1613,17228,1
1920,0,80,16384,0
1940,39,78,16406,0
1960,74,73,16427,0
1980,100,66,16445,0
2000,116,55,16459,0
2020,119,43,16469,0
2040,109,28,16473,0
2060,86,13,16472,0
2080,54,-2,16465,0
2100,16,-18,16454,0
2120,-22,-33,16437,0
2140,-60,-47,16418,0
2160,-90,-58,16396,0
2180,-111,-68,16375,0
2200,-119,-75,16353,0
2220,-115,-79,16333,0
2240,3998,-1999,16384,1
2260,-3370,1685,16815,1
2280,3228,-1614,17141,1
2300,-3704,1852,17281,1
2320,4359,-2180,17202,1
2340,-4592,2296,16922,1
2360,4188,-2094,16511,1
2380,-3519,1759,16069,1
2400,3200,-1600,15703,1
2420,-3524,1762,15505,1
2440,4194,-2097,15521,1
2460,-4593,2296,15750,1
2480,4355,-2178,16133,1
2500,-3698,1849,16577,1
2520,3227,-1614,16975,1
2540,-3374,1687,17228,1
2560,0,80,16384,0
2580,39,78,16406,0
2600,74,73,16427,0
2620,100,66,16445,0
2640,116,55,16459,0
2660,119,43,16469,0
2680,109,28,16473,0
2700,86,13,16472,0
2720,54,-2,16465,0
2740,16,-18,16454,0
2760,-22,-33,16437,0
2780,-60,-47,16418,0
2800,-90,-58,16396,0
2820,-111,-68,16375,0
2840,-119,-75,16353,0
2860,-115,-79,16333,0
2880,3370,-1685,16384,1
2900,-3228,1614,16815,1
2920,3704,-1852,17141,1
2940,-4359,2179,17281,1
2960,4592,-2296,17202,1
2980,-4188,2094,16922,1
3000,3519,-1760,16511,1
3020,-3200,1600,16069,1
3040,3524,-1762,15703,1
3060,-4194,2097,15505,1
3080,4593,-2297,15521,1
3100,-4355,2177,15750,1
3120,3698,-1849,16133,1
3140,-3227,1613,16577,1
3160,3374,-1687,16975,1
3180,-4004,2002,17228,1
3200,0,80,16384,0
3220,39,78,16406,0
3240,74,73,16427,0
3260,100,66,16445,0
3280,116,55,16459,0
3300,119,43,16469,0
3320,109,28,16473,0
3340,86,13,16472,0
3360,54,-2,16465,0
3380,16,-18,16454,0
3400,-22,-33,16437,0
3420,-60,-47,16418,0
3440,-90,-58,16396,0
3460,-111,-68,16375,0
3480,-119,-75,16353,0
3500,-115,-79,16333,0
3520,3228,-1614,16384,1
3540,-3704,1852,16815,1
3560,4359,-2180,17141,1
3580,-4592,2296,17281,1
3600,4188,-2094,17202,1
3620,-3519,1759,16922,1
3640,3200,-1600,16511,1
3660,-3524,1762,16069,1
3680,4194,-2097,15703,1
3700,-4593,2296,15505,1
3720,4355,-2178,15521,1
3740,-3698,1849,15750,1
3760,3227,-1614,16133,1
3780,-3374,1687,16577,1
3800,4004,-2002,16975,1
3820,-4539,2269,17228,1
3840,0,80,16384,0
3860,39,78,16406,0
3880,74,73,16427,0
3900,100,66,16445,0
3920,116,55,16459,0
3940,119,43,16469,0
3960,109,28,16473,0
3980,86,13,16472,0
4000,54,-2,16465,0
4020,16,-18,16454,0
4040,-22,-33,16437,0
4060,-60,-47,16418,0
4080,-90,-58,16396,0
4100,-111,-68,16375,0
4120,-119,-75,16353,0
4140,-115,-79,16333,0
4160,3704,-1852,16384,1
4180,-4359,2179,16815,1
4200,4592,-2296,17141,1
4220,-4188,2094,17281,1
4240,3519,-1760,17202,1
4260,-3200,1600,16922,1
4280,3524,-1762,16511,1
4300,-4194,2097,16069,1
4320,4593,-2297,15703,1
4340,-4355,2177,15505,1
4360,3698,-1849,15521,1
4380,-3227,1613,15750,1
4400,3374,-1687,16133,1
4420,-4004,2002,16577,1
4440,4539,-2270,16975,1
4460,-4485,2242,17228,1
4480,0,80,16384,0
4500,39,78,16406,0
4520,74,73,16427,0
4540,100,66,16445,0
4560,116,55,16459,0
4580,119,43,16469,0
4600,109,28,16473,0
4620,86,13,16472,0
4640,54,-2,16465,0
4660,16,-18,16454,0
4680,-22,-33,16437,0
4700,-60,-47,16418,0
4720,-90,-58,16396,0
4740,-111,-68,16375,0
4760,-119,-75,16353,0
4780,-115,-79,16333,0
4800,4359,-2180,16384,1
4820,-4592,2296,16815,1
4840,4188,-2094,17141,1
4860,-3519,1759,17281,1
4880,3200,-1600,17202,1
4900,-3524,1762,16922,1
4920,4194,-2097,16511,1
4940,-4593,2296,16069,1
4960,4355,-2178,15703,1
4980,-3698,1849,15505,1
5000,3227,-1614,15521,1
5020,-3374,1687,15750,1
5040,4004,-2002,16133,1
5060,-4539,2269,16577,1
5080,4485,-2243,16975,1
5100,-3893,1946,17228,1
5120,0,80,16384,0
5140,39,78,16406,0
5160,74,73,16427,0
5180,100,66,16445,0
5200,116,55,16459,0
5220,119,43,16469,0
5240,109,28,16473,0
5260,86,13,16472,0
5280,54,-2,16465,0
5300,16,-18,16454,0
5320,-22,-33,16437,0
5340,-60,-47,16418,0
5360,-90,-58,16396,0
5380,-111,-68,16375,0
5400,-119,-75,16353,0
5420,-115,-79,16333,0
5440,4592,-2296,16384,1
5460,-4188,2094,16815,1
5480,3519,-1760,17141,1
5500,-3200,1600,17281,1
5520,3524,-1762,17202,1
5540,-4194,2097,16922,1
5560,4593,-2297,16511,1
5580,-4355,2177,16069,1
5600,3698,-1849,15703,1
5620,-3227,1613,15505,1
5640,3374,-1687,15521,1
5660,-4004,2002,15750,1
5680,4539,-2270,16133,1
5700,-4485,2242,16577,1
5720,3893,-1947,16975,1
5740,-3307,1653,17228,1
5760,0,80,16384,0
5780,39,78,16406,0
5800,74,73,16427,0
5820,100,66,16445,0
5840,116,55,16459,0
5860,119,43,16469,0
5880,109,28,16473,0
5900,86,13,16472,0
5920,54,-2,16465,0
5940,16,-18,16454,0
5960,-22,-33,16437,0
5980,-60,-47,16418,0
6000,-90,-58,16396,0
6020,-111,-68,16375,0
6040,-119,-75,16353,0
6060,-115,-79,16333,0
6080,4188,-2094,16384,1
6100,-3519,1759,16815,1
6120,3200,-1600,17141,1
6140,-3524,1762,17281,1
6160,4194,-2097,17202,1
6180,-4593,2296,16922,1
6200,4355,-2178,16511,1
6220,-3698,1849,16069,1
6240,3227,-1614,15703,1
6260,-3374,1687,15505,1
6280,4004,-2002,15521,1
6300,-4539,2269,15750,1
6320,4485,-2243,16133,1
6340,-3893,1946,16577,1
6360,3307,-1654,16975,1
6380,-3266,1633,17228,1
6400,0,80,16384,0
6420,39,78,16406,0
6440,74,73,16427,0
6460,100,66,16445,0
6480,116,55,16459,0
6500,119,43,16469,0
6520,109,28,16473,0
6540,86,13,16472,0
6560,54,-2,16465,0
6580,16,-18,16454,0
6600,-22,-33,16437,0
6620,-60,-47,16418,0
6640,-90,-58,16396,0
6660,-111,-68,16375,0
6680,-119,-75,16353,0
6700,-115,-79,16333,0
6720,3519,-1760,16384,1
6740,-3200,1600,16815,1
6760,3524,-1762,17141,1
6780,-4194,2097,17281,1
6800,4593,-2297,17202,1
6820,-4355,2177,16922,1
6840,3698,-1849,16511,1
6860,-3227,1613,16069,1
6880,3374,-1687,15703,1
6900,-4004,2002,15505,1
6920,4539,-2270,15521,1
6940,-4485,2242,15750,1
6960,3893,-1947,16133,1
6980,-3307,1653,16577,1
7000,3266,-1633,16975,1
7020,-3807,1903,17228,1
7040,0,80,16384,0
7060,39,78,16406,0
7080,74,73,16427,0
7100,100,66,16445,0
7120,116,55,16459,0
7140,119,43,16469,0
7160,109,28,16473,0
7180,86,13,16472,0
7200,54,-2,16465,0
7220,16,-18,16454,0
7240,-22,-33,16437,0
7260,-60,-47,16418,0
7280,-90,-58,16396,0
7300,-111,-68,16375,0
7320,-119,-75,16353,0
7340,-115,-79,16333,0
7360,3200,-1600,16384,1
7380,-3524,1762,16815,1
7400,4194,-2097,17141,1
7420,-4593,2296,17281,1
7440,4355,-2178,17202,1
7460,-3698,1849,16922,1
7480,3227,-1614,16511,1
7500,-3374,1687,16069,1
7520,4004,-2002,15703,1
7540,-4539,2269,15505,1
7560,4485,-2243,15521,1
7580,-3893,1946,15750,1
7600,3307,-1654,16133,1
7620,-3266,1633,16577,1
7640,3807,-1904,16975,1
7660,-4433,2216,17228,1
7680,0,80,16384,0
7700,39,78,16406,0
7720,74,73,16427,0
7740,100,66,16445,0
7760,116,55,16459,0
7780,119,43,16469,0
7800,109,28,16473,0
7820,86,13,16472,0
7840,54,-2,16465,0
7860,16,-18,16454,0
7880,-22,-33,16437,0
7900,-60,-47,16418,0
7920,-90,-58,16396,0
7940,-111,-68,16375,0
7960,-119,-75,16353,0
7980,-115,-79,16333,0
8000,3524,-1762,16384,1
8020,-4194,2097,16815,1
8040,4593,-2297,17141,1
8060,-4355,2177,17281,1
8080,3698,-1849,17202,1
8100,-3227,1613,16922,1
8120,3374,-1687,16511,1
8140,-4004,2002,16069,1
8160,4539,-2270,15703,1
8180,-4485,2242,15505,1
8200,3893,-1947,15521,1
8220,-3307,1653,15750,1
8240,3266,-1633,16133,1
8260,-3807,1903,16577,1
8280,4433,-2217,16975,1
8300,-4569,2284,17228,1
8320,0,80,16384,0
8340,39,78,16406,0
8360,74,73,16427,0
8380,100,66,16445,0
8400,116,55,16459,0
8420,119,43,16469,0
8440,109,28,16473,0
8460,86,13,16472,0
8480,54,-2,16465,0
8500,16,-18,16454,0
8520,-22,-33,16437,0
8540,-60,-47,16418,0
8560,-90,-58,16396,0
8580,-111,-68,16375,0
8600,-119,-75,16353,0
8620,-115,-79,16333,0
8640,4194,-2097,16384,1
8660,-4593,2296,16815,1
8680,4355,-2178,17141,1
8700,-3698,1849,17281,1
8720,3227,-1614,17202,1
8740,-3374,1687,16922,1
8760,4004,-2002,16511,1
8780,-4539,2269,16069,1
8800,4485,-2243,15703,1
8820,-3893,1946,15505,1
8840,3307,-1654,15521,1
8860,-3266,1633,15750,1
8880,3807,-1904,16133,1
8900,-4433,2216,16577,1
8920,4569,-2285,16975,1
8940,-4089,2044,17228,1
8960,0,80,16384,0
8980,39,78,16406,0
9000,74,73,16427,0
9020,100,66,16445,0
9040,116,55,16459,0
9060,119,43,16469,0
9080,109,28,16473,0
9100,86,13,16472,0
9120,54,-2,16465,0
9140,16,-18,16454,0
9160,-22,-33,16437,0
9180,-60,-47,16418,0
9200,-90,-58,16396,0
9220,-111,-68,16375,0
9240,-119,-75,16353,0
9260,-115,-79,16333,0
9280,4593,-2297,16384,1
9300,-4355,2177,16815,1
9320,3698,-1849,17141,1
9340,-3227,1613,17281,1
9360,3374,-1687,17202,1
9380,-4004,2002,16922,1
9400,4539,-2270,16511,1
9420,-4485,2242,16069,1
9440,3893,-1947,15703,1
9460,-3307,1653,15505,1
9480,3266,-1633,15521,1
9500,-3807,1903,15750,1
9520,4433,-2217,16133,1
9540,-4569,2284,16577,1
9560,4089,-2045,16975,1
9580,-3435,1717,17228,1
9600,0,80,16384,0
9620,39,78,16406,0
9640,74,73,16427,0
9660,100,66,16445,0
9680,116,55,16459,0
9700,119,43,16469,0
9720,109,28,16473,0
9740,86,13,16472,0
9760,54,-2,16465,0
9780,16,-18,16454,0
9800,-22,-33,16437,0
9820,-60,-47,16418,0
9840,-90,-58,16396,0
9860,-111,-68,16375,0
9880,-119,-75,16353,0
9900,-115,-79,16333,0
9920,4355,-2178,16384,1
9940,-3698,1849,16815,1
9960,3227,-1614,17141,1
9980,-3374,1687,17281,1
10000,4004,-2002,17202,1
10020,-4539,2269,16922,1
10040,4485,-2243,16511,1
10060,-3893,1946,16069,1
10080,3307,-1654,15703,1
10100,-3266,1633,15505,1
10120,3807,-1904,15521,1
10140,-4433,2216,15750,1
10160,4569,-2285,16133,1
10180,-4089,2044,16577,1
10200,3435,-1718,16975,1
10220,-3208,1604,17228,1
10240,0,80,16384,0
10260,39,78,16406,0
10280,74,73,16427,0
10300,100,66,16445,0
10320,116,55,16459,0
10340,119,43,16469,0
10360,109,28,16473,0
10380,86,13,16472,0
10400,54,-2,16465,0
10420,16,-18,16454,0
10440,-22,-33,16437,0
10460,-60,-47,16418,0
10480,-90,-58,16396,0
10500,-111,-68,16375,0
10520,-119,-75,16353,0
10540,-115,-79,16333,0
10560,3698,-1849,16384,1
10580,-3227,1613,16815,1
10600,3374,-1687,17141,1
10620,-4004,2002,17281,1
10640,4539,-2270,17202,1
10660,-4485,2242,16922,1
10680,3893,-1947,16511,1
10700,-3307,1653,16069,1
10720,3266,-1633,15703,1
10740,-3807,1903,15505,1
10760,4433,-2217,15521,1
10780,-4569,2284,15750,1
10800,4089,-2045,16133,1
10820,-3435,1717,16577,1
10840,3208,-1604,16975,1
10860,-3617,1808,17228,1
10880,0,80,16384,0
10900,39,78,16406,0
10920,74,73,16427,0
10940,100,66,16445,0
10960,116,55,16459,0
10980,119,43,16469,0
11000,109,28,16473,0
11020,86,13,16472,0
11040,54,-2,16465,0
11060,16,-18,16454,0
11080,-22,-33,16437,0
11100,-60,-47,16418,0
11120,-90,-58,16396,0
11140,-111,-68,16375,0
11160,-119,-75,16353,0
11180,-115,-79,16333,0
11200,3227,-1614,16384,1
11220,-3374,1687,16815,1
11240,4004,-2002,17141,1
11260,-4539,2269,17281,1
11280,4485,-2243,17202,1
11300,-3893,1946,16922,1
11320,3307,-1654,16511,1
11340,-3266,1633,16069,1
11360,3807,-1904,15703,1
11380,-4433,2216,15505,1
11400,4569,-2285,15521,1
11420,-4089,2044,15750,1
11440,3435,-1718,16133,1
11460,-3208,1604,16577,1
11480,3617,-1809,16975,1
11500,-4285,2142,17228,1
11520,0,80,16384,0
11540,39,78,16406,0
11560,74,73,16427,0
11580,100,66,16445,0
11600,116,55,16459,0
11620,119,43,16469,0
11640,109,28,16473,0
11660,86,13,16472,0
11680,54,-2,16465,0
11700,16,-18,16454,0
11720,-22,-33,16437,0
11740,-60,-47,16418,0
11760,-90,-58,16396,0
11780,-111,-68,16375,0
11800,-119,-75,16353,0
11820,-115,-79,16333,0
11840,3374,-1687,16384,1
11860,-4004,2002,16815,1
11880,4539,-2270,17141,1
11900,-4485,2242,17281,1
11920,3893,-1947,17202,1
11940,-3307,1653,16922,1
11960,3266,-1633,16511,1
11980,-3807,1903,16069,1
12000,4433,-2217,15703,1
12020,-4569,2284,15505,1
12040,4089,-2045,15521,1
12060,-3435,1717,15750,1
12080,3208,-1604,16133,1
12100,-3617,1808,16577,1
12120,4285,-2143,16975,1
12140,-4599,2299,17228,1
12160,0,80,16384,0
12180,39,78,16406,0
12200,74,73,16427,0
12220,100,66,16445,0
12240,116,55,16459,0
12260,119,43,16469,0
12280,109,28,16473,0
12300,86,13,16472,0
12320,54,-2,16465,0
12340,16,-18,16454,0
12360,-22,-33,16437,0
12380,-60,-47,16418,0
12400,-90,-58,16396,0
12420,-111,-68,16375,0
12440,-119,-75,16353,0
12460,-115,-79,16333,0
12480,4004,-2002,16384,1
12500,-4539,2269,16815,1
12520,4485,-2243,17141,1
12540,-3893,1946,17281,1
12560,3307,-1654,17202,1
12580,-3266,1633,16922,1
12600,3807,-1904,16511,1
12620,-4433,2216,16069,1
12640,4569,-2285,15703,1
12660,-4089,2044,15505,1
12680,3435,-1718,15521,1
12700,-3208,1604,15750,1
12720,3617,-1809,16133,1
12740,-4285,2142,16577,1
12760,4599,-2300,16975,1
12780,-4270,2135,17228,1
12800,0,80,16384,0
12820,39,78,16406,0
12840,74,73,16427,0
12860,100,66,16445,0
12880,116,55,16459,0
12900,119,43,16469,0
12920,109,28,16473,0
12940,86,13,16472,0
12960,54,-2,16465,0
12980,16,-18,16454,0
13000,-22,-33,16437,0
13020,-60,-47,16418,0
13040,-90,-58,16396,0
13060,-111,-68,16375,0
13080,-119,-75,16353,0
13100,-115,-79,16333,0
13120,4539,-2270,16384,1
13140,-4485,2242,16815,1
13160,3893,-1947,17141,1
13180,-3307,1653,17281,1
13200,3266,-1633,17202,1
13220,-3807,1903,16922,1
13240,4433,-2217,16511,1
13260,-4569,2284,16069,1
13280,4089,-2045,15703,1
13300,-3435,1717,15505,1
13320,3208,-1604,15521,1
13340,-3617,1808,15750,1
13360,4285,-2143,16133,1
13380,-4599,2299,16577,1
13400,4270,-2135,16975,1
13420,-3600,1800,17228,1
13440,0,80,16384,0
13460,39,78,16406,0
13480,74,73,16427,0
13500,100,66,16445,0
13520,116,55,16459,0
13540,119,43,16469,0
13560,109,28,16473,0
13580,86,13,16472,0
13600,54,-2,16465,0
13620,16,-18,16454,0
13640,-22,-33,16437,0
13660,-60,-47,16418,0
13680,-90,-58,16396,0
13700,-111,-68,16375,0
13720,-119,-75,16353,0
13740,-115,-79,16333,0
13760,4485,-2243,16384,1
13780,-3893,1946,16815,1
13800,3307,-1654,17141,1
13820,-3266,1633,17281,1
13840,3807,-1904,17202,1
13860,-4433,2216,16922,1
13880,4569,-2285,16511,1
13900,-4089,2044,16069,1
13920,3435,-1718,15703,1
13940,-3208,1604,15505,1
13960,3617,-1809,15521,1
13980,-4285,2142,15750,1
14000,4599,-2300,16133,1
14020,-4270,2135,16577,1
14040,3600,-1800,16975,1
14060,-3205,1602,17228,1
14080,0,80,16384,0
14100,39,78,16406,0
14120,74,73,16427,0
14140,100,66,16445,0
14160,116,55,16459,0
14180,119,43,16469,0
14200,109,28,16473,0
14220,86,13,16472,0
14240,54,-2,16465,0
14260,16,-18,16454,0
14280,-22,-33,16437,0
14300,-60,-47,16418,0
14320,-90,-58,16396,0
14340,-111,-68,16375,0
14360,-119,-75,16353,0
14380,-115,-79,16333,0
14400,3893,-1947,16384,1
14420,-3307,1653,16815,1
14440,3266,-1633,17141,1
14460,-3807,1903,17281,1
14480,4433,-2217,17202,1
14500,-4569,2284,16922,1
14520,4089,-2045,16511,1
14540,-3435,1717,16069,1
14560,3208,-1604,15703,1
14580,-3617,1808,15505,1
14600,4285,-2143,15521,1
14620,-4599,2299,15750,1
14640,4270,-2135,16133,1
14660,-3600,1800,16577,1
14680,3205,-1603,16975,1
14700,-3449,1724,17228,1
14720,0,80,16384,0
14740,39,78,16406,0
14760,74,73,16427,0
14780,100,66,16445,0
14800,116,55,16459,0
14820,119,43,16469,0
14840,109,28,16473,0
14860,86,13,16472,0
14880,54,-2,16465,0
14900,16,-18,16454,0
14920,-22,-33,16437,0
14940,-60,-47,16418,0
14960,-90,-58,16396,0
14980,-111,-68,16375,0
15000,-119,-75,16353,0
15020,-115,-79,16333,0
15040,3307,-1654,16384,1
15060,-3266,1633,16815,1
15080,3807,-1904,17141,1
15100,-4433,2216,17281,1
15120,4569,-2285,17202,1
15140,-4089,2044,16922,1
15160,3435,-1718,16511,1
15180,-3208,1604,16069,1
15200,3617,-1809,15703,1
15220,-4285,2142,15505,1
15240,4599,-2300,15521,1
15260,-4270,2135,15750,1
15280,3600,-1800,16133,1
15300,-3205,1602,16577,1
15320,3449,-1725,16975,1
15340,-4107,2053,17228,1
15360,0,80,16384,0
15380,39,78,16406,0
15400,74,73,16427,0
15420,100,66,16445,0
15440,116,55,16459,0
15460,119,43,16469,0
15480,109,28,16473,0
15500,86,13,16472,0
15520,54,-2,16465,0
15540,16,-18,16454,0
15560,-22,-33,16437,0
15580,-60,-47,16418,0
15600,-90,-58,16396,0
15620,-111,-68,16375,0
15640,-119,-75,16353,0
15660,-115,-79,16333,0
15680,3266,-1633,16384,1
15700,-3807,1903,16815,1
15720,4433,-2217,17141,1
15740,-4569,2284,17281,1
15760,4089,-2045,17202,1
15780,-3435,1717,16922,1
15800,3208,-1604,16511,1
15820,-3617,1808,16069,1
15840,4285,-2143,15703,1
15860,-4599,2299,15505,1
15880,4270,-2135,15521,1
15900,-3600,1800,15750,1
15920,3205,-1603,16133,1
15940,-3449,1724,16577,1
15960,4107,-2054,16975,1
15980,-4574,2287,17228,1
16000,0,80,16384,0
16020,39,78,16406,0
16040,74,73,16427,0
16060,100,66,16445,0
16080,116,55,16459,0
16100,119,43,16469,0
16120,109,28,16473,0
16140,86,13,16472,0
16160,54,-2,16465,0
16180,16,-18,16454,0
16200,-22,-33,16437,0
16220,-60,-47,16418,0
16240,-90,-58,16396,0
16260,-111,-68,16375,0
16280,-119,-75,16353,0
16300,-115,-79,16333,0
16320,3807,-1904,16384,1
16340,-4433,2216,16815,1
16360,4569,-2285,17141,1
16380,-4089,2044,17281,1
16400,3435,-1718,17202,1
16420,-3208,1604,16922,1
16440,3617,-1809,16511,1
16460,-4285,2142,16069,1
16480,4599,-2300,15703,1
16500,-4270,2135,15505,1
16520,3600,-1800,15521,1
16540,-3205,1602,15750,1
16560,3449,-1725,16133,1
16580,-4107,2053,16577,1
16600,4574,-2287,16975,1
16620,-4421,2210,17228,1
16640,0,80,16384,0
16660,39,78,16406,0
16680,74,73,16427,0
16700,100,66,16445,0
16720,116,55,16459,0
16740,119,43,16469,0
16760,109,28,16473,0
16780,86,13,16472,0
16800,54,-2,16465,0
16820,16,-18,16454,0
16840,-22,-33,16437,0
16860,-60,-47,16418,0
16880,-90,-58,16396,0
16900,-111,-68,16375,0
16920,-119,-75,16353,0
16940,-115,-79,16333,0
16960,4433,-2217,16384,1
16980,-4569,2284,16815,1
17000,4089,-2045,17141,1
17020,-3435,1717,17281,1
17040,3208,-1604,17202,1
17060,-3617,1808,16922,1
17080,4285,-2143,16511,1
17100,-4599,2299,16069,1
17120,4270,-2135,15703,1
17140,-3600,1800,15505,1
17160,3205,-1603,15521,1
17180,-3449,1724,15750,1
17200,4107,-2054,16133,1
17220,-4574,2287,16577,1
17240,4421,-2211,16975,1
17260,-3788,1894,17228,1
17280,0,80,16384,0
17300,39,78,16406,0
17320,74,73,16427,0
17340,100,66,16445,0
17360,116,55,16459,0
17380,119,43,16469,0
17400,109,28,16473,0
17420,86,13,16472,0
17440,54,-2,16465,0
17460,16,-18,16454,0
17480,-22,-33,16437,0
17500,-60,-47,16418,0
17520,-90,-58,16396,0
17540,-111,-68,16375,0
17560,-119,-75,16353,0
17580,-115,-79,16333,0
17600,4569,-2285,16384,1
17620,-4089,2044,16815,1
17640,3435,-1718,17141,1
17660,-3208,1604,17281,1
17680,3617,-1809,17202,1
17700,-4285,2142,16922,1
17720,4599,-2300,16511,1
17740,-4270,2135,16069,1
17760,3600,-1800,15703,1
17780,-3205,1602,15505,1
17800,3449,-1725,15521,1
17820,-4107,2053,15750,1
17840,4574,-2287,16133,1
17860,-4421,2210,16577,1
17880,3788,-1894,16975,1
17900,-3258,1629,17228,1
17920,0,80,16384,0
17940,39,78,16406,0
17960,74,73,16427,0
17980,100,66,16445,0
18000,116,55,16459,0
18020,119,43,16469,0
18040,109,28,16473,0
18060,86,13,16472,0
18080,54,-2,16465,0
18100,16,-18,16454,0
18120,-22,-33,16437,0
18140,-60,-47,16418,0
18160,-90,-58,16396,0
18180,-111,-68,16375,0
18200,-119,-75,16353,0
18220,-115,-79,16333,0
18240,4089,-2045,16384,1
18260,-3435,1717,16815,1
18280,3208,-1604,17141,1
18300,-3617,1808,17281,1
18320,4285,-2143,17202,1
18340,-4599,2299,16922,1
18360,4270,-2135,16511,1
18380,-3600,1800,16069,1
18400,3205,-1603,15703,1
18420,-3449,1724,15505,1
18440,4107,-2054,15521,1
18460,-4574,2287,15750,1
18480,4421,-2211,16133,1
18500,-3788,1894,16577,1
18520,3258,-1629,16975,1
18540,-3317,1658,17228,1
18560,0,80,16384,0
18580,39,78,16406,0
18600,74,73,16427,0
18620,100,66,16445,0
18640,116,55,16459,0
18660,119,43,16469,0
18680,109,28,16473,0
18700,86,13,16472,0
18720,54,-2,16465,0
18740,16,-18,16454,0
18760,-22,-33,16437,0
18780,-60,-47,16418,0
18800,-90,-58,16396,0
18820,-111,-68,16375,0
18840,-119,-75,16353,0
18860,-115,-79,16333,0
18880,3435,-1718,16384,1
18900,-3208,1604,16815,1
18920,3617,-1809,17141,1
18940,-4285,2142,17281,1
18960,4599,-2300,17202,1
18980,-4270,2135,16922,1
19000,3600,-1800,16511,1
19020,-3205,1602,16069,1
19040,3449,-1725,15703,1
19060,-4107,2053,15505,1
19080,4574,-2287,15521,1
19100,-4421,2210,15750,1
19120,3788,-1894,16133,1
19140,-3258,1629,16577,1
19160,3317,-1659,16975,1
19180,-3912,1956,17228,1
19200,0,80,16384,0
19220,39,78,16406,0
19240,74,73,16427,0
19260,100,66,16445,0
19280,116,55,16459,0
19300,119,43,16469,0
19320,109,28,16473,0
19340,86,13,16472,0
19360,54,-2,16465,0
19380,16,-18,16454,0
19400,-22,-33,16437,0
19420,-60,-47,16418,0
19440,-90,-58,16396,0
19460,-111,-68,16375,0
19480,-119,-75,16353,0
19500,-115,-79,16333,0
19520,3208,-1604,16384,1
19540,-3617,1808,16815,1
19560,4285,-2143,17141,1
19580,-4599,2299,17281,1
19600,4270,-2135,17202,1
19620,-3600,1800,16922,1
19640,3205,-1603,16511,1
19660,-3449,1724,16069,1
19680,4107,-2054,15703,1
19700,-4574,2287,15505,1
19720,4421,-2211,15521,1
19740,-3788,1894,15750,1
19760,3258,-1629,16133,1
19780,-3317,1658,16577,1
19800,3912,-1956,16975,1
19820,-4495,2247,17228,1
19840,0,80,16384,0
19860,39,78,16406,0
19880,74,73,16427,0
19900,100,66,16445,0
19920,116,55,16459,0
19940,119,43,16469,0
19960,109,28,16473,0
19980,86,13,16472,0
20000,54,-2,16465,0
20020,16,-18,16454,0
20040,-22,-33,16437,0
20060,-60,-47,16418,0
20080,-90,-58,16396,0
20100,-111,-68,16375,0
20120,-119,-75,16353,0
20140,-115,-79,16333,0
20160,3617,-1809,16384,1
20180,-4285,2142,16815,1
20200,4599,-2300,17141,1
20220,-4270,2135,17281,1
20240,3600,-1800,17202,1
20260,-3205,1602,16922,1
20280,3449,-1725,16511,1
20300,-4107,2053,16069,1
20320,4574,-2287,15703,1
20340,-4421,2210,15505,1
20360,3788,-1894,15521,1
20380,-3258,1629,15750,1
20400,3317,-1659,16133,1
20420,-3912,1956,16577,1
20440,4495,-2248,16975,1
20460,-4531,2265,17228,1
20480,0,80,16384,0
20500,39,78,16406,0
20520,74,73,16427,0
20540,100,66,16445,0
20560,116,55,16459,0
20580,119,43,16469,0
20600,109,28,16473,0
20620,86,13,16472,0
20640,54,-2,16465,0
20660,16,-18,16454,0
20680,-22,-33,16437,0
20700,-60,-47,16418,0
20720,-90,-58,16396,0
20740,-111,-68,16375,0
20760,-119,-75,16353,0
20780,-115,-79,16333,0
20800,4285,-2143,16384,1
20820,-4599,2299,16815,1
20840,4270,-2135,17141,1
20860,-3600,1800,17281,1
20880,3205,-1603,17202,1
20900,-3449,1724,16922,1
20920,4107,-2054,16511,1
20940,-4574,2287,16069,1
20960,4421,-2211,15703,1
20980,-3788,1894,15505,1
21000,3258,-1629,15521,1
21020,-3317,1658,15750,1
21040,3912,-1956,16133,1
21060,-4495,2247,16577,1
21080,4531,-2266,16975,1
21100,-3986,1993,17228,1
21120,0,80,16384,0
21140,39,78,16406,0
21160,74,73,16427,0
21180,100,66,16445,0
21200,116,55,16459,0
21220,119,43,16469,0
21240,109,28,16473,0
21260,86,13,16472,0
21280,54,-2,16465,0
21300,16,-18,16454,0
21320,-22,-33,16437,0
21340,-60,-47,16418,0
21360,-90,-58,16396,0
21380,-111,-68,16375,0
21400,-119,-75,16353,0
21420,-115,-79,16333,0
21440,4599,-2300,16384,1
21460,-4270,2135,16815,1
21480,3600,-1800,17141,1
21500,-3205,1602,17281,1
21520,3449,-1725,17202,1
21540,-4107,2053,16922,1
21560,4574,-2287,16511,1
21580,-4421,2210,16069,1
21600,3788,-1894,15703,1
21620,-3258,1629,15505,1
21640,3317,-1659,15521,1
21660,-3912,1956,15750,1
21680,4495,-2248,16133,1
21700,-4531,2265,16577,1
21720,3986,-1993,16975,1
21740,-3362,1681,17228,1
21760,0,80,16384,0
21780,39,78,16406,0
21800,74,73,16427,0
21820,100,66,16445,0
21840,116,55,16459,0
21860,119,43,16469,0
21880,109,28,16473,0
21900,86,13,16472,0
21920,54,-2,16465,0
21940,16,-18,16454,0
21960,-22,-33,16437,0
21980,-60,-47,16418,0
22000,-90,-58,16396,0
22020,-111,-68,16375,0
22040,-119,-75,16353,0
22060,-115,-79,16333,0
22080,4270,-2135,16384,1
22100,-3600,1800,16815,1
22120,3205,-1603,17141,1
22140,-3449,1724,17281,1
22160,4107,-2054,17202,1
22180,-4574,2287,16922,1
22200,4421,-2211,16511,1
22220,-3788,1894,16069,1
22240,3258,-1629,15703,1
22260,-3317,1658,15505,1
22280,3912,-1956,15521,1
22300,-4495,2247,15750,1
22320,4531,-2266,16133,1
22340,-3986,1993,16577,1
22360,3362,-1681,16975,1
22380,-3232,1616,17228,1
22400,0,80,16384,0
22420,39,78,16406,0
22440,74,73,16427,0
22460,100,66,16445,0
22480,116,55,16459,0
22500,119,43,16469,0
22520,109,28,16473,0
22540,86,13,16472,0
22560,54,-2,16465,0
22580,16,-18,16454,0
22600,-22,-33,16437,0
22620,-60,-47,16418,0
22640,-90,-58,16396,0
22660,-111,-68,16375,0
22680,-119,-75,16353,0
22700,-115,-79,16333,0
22720,3600,-1800,16384,1
22740,-3205,1602,16815,1
22760,3449,-1725,17141,1
22780,-4107,2053,17281,1
22800,4574,-2287,17202,1
22820,-4421,2210,16922,1
22840,3788,-1894,16511,1
22860,-3258,1629,16069,1
22880,3317,-1659,15703,1
22900,-3912,1956,15505,1
22920,4495,-2248,15521,1
22940,-4531,2265,15750,1
22960,3986,-1993,16133,1
22980,-3362,1681,16577,1
23000,3232,-1616,16975,1
23020,-3716,1858,17228,1
